timestamp;value
30/10/2019 18:00:07;215.7118
30/10/2019 18:01:09;214.8438
30/10/2019 18:02:10;214.8438
30/10/2019 18:03:11;214.8438
30/10/2019 18:04:13;215.7118
30/10/2019 18:05:16;215.7118
30/10/2019 18:06:17;215.2778
30/10/2019 18:07:18;215.2778
30/10/2019 18:08:19;215.2778
30/10/2019 18:09:20;215.2778
30/10/2019 18:10:20;215.2778
30/10/2019 18:11:21;215.2778
30/10/2019 18:11:47;196.1806
30/10/2019 18:12:47;195.7465
30/10/2019 18:13:48;197.0486
30/10/2019 18:15:00;196.1806
30/10/2019 18:16:06;197.0486
30/10/2019 18:17:09;197.0486
30/10/2019 18:18:39;195.7465
30/10/2019 18:19:49;195.7465
30/10/2019 18:20:55;195.7465
30/10/2019 18:22:00;196.1806
30/10/2019 18:23:00;196.1806
30/10/2019 18:24:00;196.1806
30/10/2019 18:25:00;196.1806
30/10/2019 18:26:00;196.1806
30/10/2019 18:27:11;193.5764
30/10/2019 18:28:11;193.5764
30/10/2019 18:29:14;193.5764
30/10/2019 18:30:14;193.5764
30/10/2019 18:31:24;193.1424
30/10/2019 18:32:25;193.1424
30/10/2019 18:33:25;193.5764
30/10/2019 18:34:28;193.1424
30/10/2019 18:35:30;193.1424
30/10/2019 18:36:37;193.1424
30/10/2019 18:37:40;193.1424
30/10/2019 18:38:54;194.0104
30/10/2019 18:39:57;193.1424
30/10/2019 18:41:00;193.5764
30/10/2019 18:42:00;197.9167
30/10/2019 18:43:00;198.3507
30/10/2019 18:44:02;197.9167
30/10/2019 18:45:06;197.4827
30/10/2019 18:46:07;197.9167
30/10/2019 18:47:12;198.3507
30/10/2019 18:48:12;197.9167
30/10/2019 18:49:37;197.4827
30/10/2019 18:50:40;198.3507
30/10/2019 18:51:48;197.4827
30/10/2019 18:52:55;197.4827
30/10/2019 18:53:55;197.9167
30/10/2019 18:55:00;198.3507
30/10/2019 18:56:00;199.2188
30/10/2019 18:57:01;217.4479
30/10/2019 18:58:02;217.882
30/10/2019 18:59:03;217.882
30/10/2019 19:00:09;217.882
30/10/2019 19:01:15;217.882
30/10/2019 19:02:16;217.4479
30/10/2019 19:03:17;217.0139
30/10/2019 19:04:19;217.4479
30/10/2019 19:05:20;217.4479
30/10/2019 19:06:20;217.4479
30/10/2019 19:07:21;217.4479
30/10/2019 19:08:25;217.0139
30/10/2019 19:09:33;217.4479
30/10/2019 19:10:34;217.0139
30/10/2019 19:11:35;217.4479
30/10/2019 19:12:39;220.9202
30/10/2019 19:13:39;220.9202
30/10/2019 19:14:41;220.0521
30/10/2019 19:15:41;220.0521
30/10/2019 19:16:43;220.9202
30/10/2019 19:17:44;220.0521
30/10/2019 19:18:48;220.0521
30/10/2019 19:19:50;220.0521
30/10/2019 19:20:52;221.3542
30/10/2019 19:21:53;221.3542
30/10/2019 19:22:54;220.9202
30/10/2019 19:23:54;220.9202
30/10/2019 19:24:56;220.9202
30/10/2019 19:25:56;219.6181
30/10/2019 19:26:58;220.9202
30/10/2019 19:27:59;228.2986
30/10/2019 19:29:00;228.7327
30/10/2019 19:30:00;227.4306
30/10/2019 19:31:02;227.4306
30/10/2019 19:32:13;227.8646
30/10/2019 19:33:16;227.8646
30/10/2019 19:34:19;227.8646
30/10/2019 19:35:21;227.4306
30/10/2019 19:36:21;227.4306
30/10/2019 19:37:23;227.8646
30/10/2019 19:38:25;227.4306
30/10/2019 19:39:26;227.4306
30/10/2019 19:40:31;229.6007
30/10/2019 19:41:31;227.4306
30/10/2019 19:41:55;253.9063
30/10/2019 19:42:58;254.7743
30/10/2019 19:44:00;254.3403
30/10/2019 19:45:00;254.3403
30/10/2019 19:46:00;254.3403
30/10/2019 19:47:00;254.7743
30/10/2019 19:48:04;254.3403
30/10/2019 19:49:08;254.3403
30/10/2019 19:50:12;255.6424
30/10/2019 19:51:12;256.5104
30/10/2019 19:52:14;254.7743
30/10/2019 19:53:16;254.3403
30/10/2019 19:54:17;254.7743
30/10/2019 19:55:18;254.7743
30/10/2019 19:56:22;254.3403
30/10/2019 19:57:07;254.3403
30/10/2019 19:57:08;333.7674
30/10/2019 19:58:09;333.7674
30/10/2019 19:59:09;333.7674
30/10/2019 20:00:11;335.0695
30/10/2019 20:01:12;332.4653
30/10/2019 20:02:13;332.8993
30/10/2019 20:03:14;332.8993
30/10/2019 20:04:15;332.8993
30/10/2019 20:05:16;332.8993
30/10/2019 20:06:16;332.8993
30/10/2019 20:07:17;332.4653
30/10/2019 20:08:19;332.4653
30/10/2019 20:09:20;332.4653
30/10/2019 20:10:22;332.8993
30/10/2019 20:11:25;332.8993
30/10/2019 20:12:25;332.4653
30/10/2019 20:12:46;332.4653
30/10/2019 20:12:47;419.2708
30/10/2019 20:12:48;431.4236
30/10/2019 20:13:49;431.8577
30/10/2019 20:14:50;431.4236
30/10/2019 20:15:51;432.2917
30/10/2019 20:16:52;432.2917
30/10/2019 20:17:53;431.8577
30/10/2019 20:18:54;431.8577
30/10/2019 20:19:54;431.8577
30/10/2019 20:20:55;431.8577
30/10/2019 20:21:56;431.8577
30/10/2019 20:22:56;431.8577
30/10/2019 20:24:00;431.8577
30/10/2019 20:25:00;431.8577
30/10/2019 20:26:00;431.8577
30/10/2019 20:27:00;431.8577
30/10/2019 20:28:00;431.8577
30/10/2019 20:28:22;431.8577
30/10/2019 20:28:23;529.9479
30/10/2019 20:29:29;529.9479
30/10/2019 20:30:30;531.684
30/10/2019 20:31:36;529.9479
30/10/2019 20:32:44;529.9479
30/10/2019 20:33:47;529.9479
30/10/2019 20:34:53;529.9479
30/10/2019 20:35:58;530.382
30/10/2019 20:37:00;530.382
30/10/2019 20:38:00;530.382
30/10/2019 20:39:00;530.382
30/10/2019 20:40:00;529.9479
30/10/2019 20:41:34;529.5139
30/10/2019 20:42:45;530.382
30/10/2019 20:43:45;528.2118
30/10/2019 20:44:04;528.2118
30/10/2019 20:44:05;592.882
30/10/2019 20:45:05;592.4479
30/10/2019 20:46:09;592.882
30/10/2019 20:47:10;592.882
30/10/2019 20:48:11;593.316
30/10/2019 20:49:15;593.316
30/10/2019 20:50:16;592.882
30/10/2019 20:51:33;593.316
30/10/2019 20:52:34;592.882
30/10/2019 20:53:41;593.316
30/10/2019 20:54:41;593.316
30/10/2019 20:55:43;592.882
30/10/2019 20:56:45;592.882
30/10/2019 20:57:45;593.316
30/10/2019 20:58:47;594.184
30/10/2019 20:59:17;631.9445
30/10/2019 21:00:19;632.3785
30/10/2019 21:01:19;631.9445
30/10/2019 21:02:20;631.9445
30/10/2019 21:03:21;631.5104
30/10/2019 21:04:26;631.5104
30/10/2019 21:05:27;631.9445
30/10/2019 21:06:31;631.9445
30/10/2019 21:07:33;631.9445
30/10/2019 21:08:43;633.2465
30/10/2019 21:09:46;631.9445
30/10/2019 21:10:47;632.3785
30/10/2019 21:11:47;632.3785
30/10/2019 21:13:00;632.3785
30/10/2019 21:14:00;632.3785
30/10/2019 21:14:39;632.3785
30/10/2019 21:14:40;686.632
30/10/2019 21:15:41;686.632
30/10/2019 21:16:41;687.5
30/10/2019 21:17:46;687.5
30/10/2019 21:18:48;687.5
30/10/2019 21:19:54;687.5
30/10/2019 21:20:56;686.632
30/10/2019 21:21:56;686.632
30/10/2019 21:22:57;686.632
30/10/2019 21:23:58;686.1979
30/10/2019 21:25:00;686.632
30/10/2019 21:26:08;685.7639
30/10/2019 21:27:08;686.1979
30/10/2019 21:28:08;686.1979
30/10/2019 21:29:09;686.1979
30/10/2019 21:29:59;686.1979
30/10/2019 21:30:00;730.0347
30/10/2019 21:31:00;730.0347
30/10/2019 21:32:02;730.0347
30/10/2019 21:33:05;730.0347
30/10/2019 21:34:06;730.9028
30/10/2019 21:35:09;730.0347
30/10/2019 21:36:10;730.9028
30/10/2019 21:37:10;730.0347
30/10/2019 21:38:11;730.0347
30/10/2019 21:39:18;730.0347
30/10/2019 21:40:23;730.0347
30/10/2019 21:41:25;731.3369
30/10/2019 21:42:26;730.9028
30/10/2019 21:43:27;730.0347
30/10/2019 21:44:53;731.3369
30/10/2019 21:45:33;731.3369
30/10/2019 21:45:34;786.0244
30/10/2019 21:46:34;786.0244
30/10/2019 21:47:34;786.4584
30/10/2019 21:48:40;786.0244
30/10/2019 21:49:42;786.0244
30/10/2019 21:50:42;786.4584
30/10/2019 21:52:00;786.4584
30/10/2019 21:53:05;786.0244
30/10/2019 21:54:05;786.0244
30/10/2019 21:55:09;786.0244
30/10/2019 21:56:13;786.0244
30/10/2019 21:57:13;786.4584
30/10/2019 21:58:15;786.0244
30/10/2019 21:59:15;786.0244
30/10/2019 22:00:16;786.4584
30/10/2019 22:00:33;786.4584
30/10/2019 22:00:34;846.7882
30/10/2019 22:01:36;846.7882
30/10/2019 22:02:37;846.3542
30/10/2019 22:03:43;846.7882
30/10/2019 22:04:50;846.7882
30/10/2019 22:05:54;846.7882
30/10/2019 22:06:55;847.2222
30/10/2019 22:08:00;846.3542
30/10/2019 22:09:00;846.3542
30/10/2019 22:10:00;846.3542
30/10/2019 22:11:00;846.7882
30/10/2019 22:12:00;846.3542
30/10/2019 22:13:00;846.3542
30/10/2019 22:14:00;846.3542
30/10/2019 22:15:00;846.3542
30/10/2019 22:16:00;846.3542
30/10/2019 22:16:16;846.3542
30/10/2019 22:16:17;921.007
30/10/2019 22:17:21;920.5729
30/10/2019 22:18:25;920.5729
30/10/2019 22:19:35;920.5729
30/10/2019 22:20:47;920.5729
30/10/2019 22:22:00;921.007
30/10/2019 22:23:50;921.875
30/10/2019 22:24:51;921.007
30/10/2019 22:25:53;921.007
30/10/2019 22:27:00;921.875
30/10/2019 22:28:00;921.875
30/10/2019 22:29:00;921.875
30/10/2019 22:30:00;921.875
30/10/2019 22:31:00;921.875
30/10/2019 22:31:49;960.9375
30/10/2019 22:32:57;960.9375
30/10/2019 22:34:00;961.3716
30/10/2019 22:35:00;961.3716
30/10/2019 22:36:00;961.3716
30/10/2019 22:37:00;960.9375
30/10/2019 22:38:12;960.9375
30/10/2019 22:39:20;961.3716
30/10/2019 22:40:20;961.3716
30/10/2019 22:41:22;960.9375
30/10/2019 22:42:26;960.9375
30/10/2019 22:43:40;960.9375
30/10/2019 22:44:44;961.3716
30/10/2019 22:45:45;960.9375
30/10/2019 22:46:45;961.3716
30/10/2019 22:47:17;961.3716
30/10/2019 22:47:18;1042.54
30/10/2019 22:48:19;1043.40
30/10/2019 22:49:19;1043.40
30/10/2019 22:50:24;1043.40
30/10/2019 22:51:25;1043.40
30/10/2019 22:52:29;1043.40
30/10/2019 22:53:37;1043.40
30/10/2019 22:54:43;1043.40
30/10/2019 22:56:00;1042.54
30/10/2019 22:57:06;1043.40
30/10/2019 22:58:11;1043.40
30/10/2019 22:59:15;1043.40
30/10/2019 23:00:16;1042.54
30/10/2019 23:01:51;1043.40
30/10/2019 23:02:23;1043.40
30/10/2019 23:02:24;1088.11
30/10/2019 23:03:24;1088.11
30/10/2019 23:04:25;1088.11
30/10/2019 23:05:27;1088.98
30/10/2019 23:06:27;1088.98
30/10/2019 23:07:31;1088.98
30/10/2019 23:08:32;1088.11
30/10/2019 23:09:32;1088.98
30/10/2019 23:10:38;1088.11
30/10/2019 23:11:39;1088.11
30/10/2019 23:12:40;1088.98
30/10/2019 23:13:42;1088.11
30/10/2019 23:14:45;1088.11
30/10/2019 23:15:45;1088.11
30/10/2019 23:16:58;1088.11
30/10/2019 23:18:00;1088.98
30/10/2019 23:19:01;1088.11
30/10/2019 23:20:01;1088.98
30/10/2019 23:20:55;1088.98
30/10/2019 23:20:56;1145.83
30/10/2019 23:22:00;1145.83
30/10/2019 23:23:01;1145.40
30/10/2019 23:24:06;1145.40
30/10/2019 23:25:08;1145.83
30/10/2019 23:26:13;1146.27
30/10/2019 23:27:33;1145.40
30/10/2019 23:28:35;1145.40
30/10/2019 23:29:37;1145.40
30/10/2019 23:30:40;1145.40
30/10/2019 23:31:43;1145.40
30/10/2019 23:32:44;1145.40
30/10/2019 23:33:45;1145.40
30/10/2019 23:34:37;1175.78
30/10/2019 23:35:43;1174.91
30/10/2019 23:37:00;1175.78
30/10/2019 23:38:00;1174.91
30/10/2019 23:39:00;1175.78
30/10/2019 23:40:03;1176.22
30/10/2019 23:41:08;1176.22
30/10/2019 23:42:26;1176.22
30/10/2019 23:43:32;1176.22
30/10/2019 23:44:34;1176.22
30/10/2019 23:45:46;1176.22
30/10/2019 23:46:52;1176.22
30/10/2019 23:47:53;1175.78
30/10/2019 23:48:54;1175.78
30/10/2019 23:49:32;1175.78
30/10/2019 23:49:33;1121.96
30/10/2019 23:50:34;1121.96
30/10/2019 23:51:36;1122.40
30/10/2019 23:52:38;1121.96
30/10/2019 23:53:41;1122.40
30/10/2019 23:54:41;1122.40
30/10/2019 23:55:46;1121.96
30/10/2019 23:56:48;1121.96
30/10/2019 23:57:48;1122.40
30/10/2019 23:58:50;1122.40
30/10/2019 23:59:51;1121.96
31/10/2019 00:00:52;1121.96
31/10/2019 00:01:54;1122.40
31/10/2019 00:02:58;1122.40
31/10/2019 00:04:00;1121.96
31/10/2019 00:04:58;1121.96
31/10/2019 00:04:59;1212.67
31/10/2019 00:06:00;1211.81
31/10/2019 00:07:00;1213.11
31/10/2019 00:08:00;1212.67
31/10/2019 00:09:00;1212.67
31/10/2019 00:10:00;1211.81
31/10/2019 00:11:00;1212.67
31/10/2019 00:12:01;1212.67
31/10/2019 00:13:02;1211.81
31/10/2019 00:14:09;1211.81
31/10/2019 00:15:17;1211.81
31/10/2019 00:16:20;1212.67
31/10/2019 00:17:21;1212.67
31/10/2019 00:19:00;1212.67
31/10/2019 00:20:00;1187.93
31/10/2019 00:21:00;1188.80
31/10/2019 00:22:00;1187.93
31/10/2019 00:23:00;1187.93
31/10/2019 00:24:01;1188.80
31/10/2019 00:25:01;1188.80
31/10/2019 00:26:01;1188.80
31/10/2019 00:27:02;1188.80
31/10/2019 00:28:03;1187.93
31/10/2019 00:29:03;1187.93
31/10/2019 00:30:05;1187.93
31/10/2019 00:31:12;1187.93
31/10/2019 00:32:46;1189.24
31/10/2019 00:33:49;1189.24
31/10/2019 00:35:00;1188.80
31/10/2019 00:36:00;1188.80
31/10/2019 00:37:00;1189.24
31/10/2019 00:38:00;1188.80
31/10/2019 00:39:01;1187.93
31/10/2019 00:40:02;1188.80
31/10/2019 00:41:18;1187.93
31/10/2019 00:42:22;1189.24
31/10/2019 00:43:24;1187.93
31/10/2019 00:44:24;1187.93
31/10/2019 00:46:00;1188.80
31/10/2019 00:47:00;1188.80
31/10/2019 00:48:00;1188.80
31/10/2019 00:49:00;1188.80
31/10/2019 00:49:35;1188.80
31/10/2019 00:49:36;1146.70
31/10/2019 00:50:36;1146.27
31/10/2019 00:51:42;1146.27
31/10/2019 00:52:45;1146.27
31/10/2019 00:53:49;1146.70
31/10/2019 00:54:50;1146.27
31/10/2019 00:55:51;1146.27
31/10/2019 00:56:51;1146.70
31/10/2019 00:57:53;1146.70
31/10/2019 00:59:00;1146.27
31/10/2019 01:00:00;1146.27
31/10/2019 01:01:00;1146.27
31/10/2019 01:02:04;1146.27
31/10/2019 01:02:53;1146.27
31/10/2019 01:02:54;898.8716
31/10/2019 01:04:00;898.4375
31/10/2019 01:05:00;898.8716
31/10/2019 01:06:01;899.3056
31/10/2019 01:07:06;898.8716
31/10/2019 01:08:09;898.8716
31/10/2019 01:09:10;898.4375
31/10/2019 01:10:13;898.8716
31/10/2019 01:11:14;898.4375
31/10/2019 01:12:21;898.4375
31/10/2019 01:13:36;898.4375
31/10/2019 01:15:00;898.4375
31/10/2019 01:16:00;898.8716
31/10/2019 01:17:00;898.8716
31/10/2019 01:18:03;898.4375
31/10/2019 01:18:31;898.4375
31/10/2019 01:18:32;991.3195
31/10/2019 01:19:33;991.7535
31/10/2019 01:21:00;991.3195
31/10/2019 01:22:00;991.3195
31/10/2019 01:23:00;991.3195
31/10/2019 01:24:11;990.4514
31/10/2019 01:25:23;990.4514
31/10/2019 01:26:47;990.4514
31/10/2019 01:27:47;991.3195
31/10/2019 01:28:47;991.3195
31/10/2019 01:29:49;990.4514
31/10/2019 01:30:50;991.3195
31/10/2019 01:31:52;991.3195
31/10/2019 01:32:53;991.3195
31/10/2019 01:33:27;977.4306
31/10/2019 01:34:28;977.4306
31/10/2019 01:35:41;976.9966
31/10/2019 01:36:43;976.9966
31/10/2019 01:37:56;976.9966
31/10/2019 01:39:00;977.4306
31/10/2019 01:40:00;976.9966
31/10/2019 01:41:00;976.9966
31/10/2019 01:42:52;976.9966
31/10/2019 01:43:55;976.9966
31/10/2019 01:44:58;978.2986
31/10/2019 01:46:00;977.4306
31/10/2019 01:47:00;977.4306
31/10/2019 01:48:00;977.4306
31/10/2019 01:48:01;959.2014
31/10/2019 01:49:01;958.7674
31/10/2019 01:50:37;958.7674
31/10/2019 01:52:00;959.2014
31/10/2019 01:53:00;959.2014
31/10/2019 01:54:00;959.6354
31/10/2019 01:55:34;959.6354
31/10/2019 01:56:54;959.6354
31/10/2019 01:58:00;959.6354
31/10/2019 01:59:00;959.2014
31/10/2019 02:00:00;959.2014
31/10/2019 02:01:07;958.7674
31/10/2019 02:02:13;958.7674
31/10/2019 02:03:06;929.6875
31/10/2019 02:04:06;929.6875
31/10/2019 02:05:08;930.5556
31/10/2019 02:06:29;930.5556
31/10/2019 02:07:49;929.2535
31/10/2019 02:09:00;929.6875
31/10/2019 02:10:00;929.2535
31/10/2019 02:11:00;928.8195
31/10/2019 02:12:00;928.8195
31/10/2019 02:13:02;929.2535
31/10/2019 02:14:06;929.6875
31/10/2019 02:15:07;929.6875
31/10/2019 02:16:13;929.6875
31/10/2019 02:17:15;929.6875
31/10/2019 02:18:05;907.1181
31/10/2019 02:19:06;906.6841
31/10/2019 02:20:13;907.5521
31/10/2019 02:21:37;907.5521
31/10/2019 02:22:45;907.5521
31/10/2019 02:24:00;907.1181
31/10/2019 02:25:06;906.6841
31/10/2019 02:26:26;906.6841
31/10/2019 02:27:49;906.6841
31/10/2019 02:29:00;907.1181
31/10/2019 02:30:00;907.1181
31/10/2019 02:31:00;907.1181
31/10/2019 02:32:03;907.5521
31/10/2019 02:32:51;884.1146
31/10/2019 02:34:00;884.1146
31/10/2019 02:35:21;884.9827
31/10/2019 02:36:32;884.9827
31/10/2019 02:38:00;884.1146
31/10/2019 02:39:00;884.1146
31/10/2019 02:40:00;884.1146
31/10/2019 02:41:00;884.1146
31/10/2019 02:42:00;884.1146
31/10/2019 02:43:00;884.1146
31/10/2019 02:44:00;884.1146
31/10/2019 02:45:00;884.1146
31/10/2019 02:46:00;884.1146
31/10/2019 02:47:00;884.1146
31/10/2019 02:47:31;855.9028
31/10/2019 02:48:31;855.4688
31/10/2019 02:49:45;855.4688
31/10/2019 02:50:45;855.4688
31/10/2019 02:51:47;855.0347
31/10/2019 02:52:48;855.4688
31/10/2019 02:53:50;855.4688
31/10/2019 02:54:51;855.9028
31/10/2019 02:55:54;855.4688
31/10/2019 02:56:55;855.9028
31/10/2019 02:57:55;855.4688
31/10/2019 02:58:55;855.9028
31/10/2019 02:59:57;855.4688
31/10/2019 03:00:57;855.4688
31/10/2019 03:01:57;855.4688
31/10/2019 03:02:40;838.1077
31/10/2019 03:03:41;837.2396
31/10/2019 03:04:49;837.6736
31/10/2019 03:05:53;837.6736
31/10/2019 03:06:53;838.1077
31/10/2019 03:07:54;838.1077
31/10/2019 03:08:58;837.6736
31/10/2019 03:10:00;838.1077
31/10/2019 03:11:02;837.6736
31/10/2019 03:12:03;837.6736
31/10/2019 03:13:04;837.6736
31/10/2019 03:14:06;838.1077
31/10/2019 03:15:06;838.1077
31/10/2019 03:16:07;838.1077
31/10/2019 03:17:15;837.6736
31/10/2019 03:17:33;807.2917
31/10/2019 03:18:34;807.2917
31/10/2019 03:19:50;807.2917
31/10/2019 03:21:00;807.7257
31/10/2019 03:22:06;807.2917
31/10/2019 03:23:16;808.1597
31/10/2019 03:24:17;807.7257
31/10/2019 03:25:18;807.7257
31/10/2019 03:26:55;807.2917
31/10/2019 03:28:00;807.7257
31/10/2019 03:29:00;807.7257
31/10/2019 03:30:04;808.1597
31/10/2019 03:31:28;807.2917
31/10/2019 03:32:24;788.6285
31/10/2019 03:33:26;788.6285
31/10/2019 03:34:32;788.6285
31/10/2019 03:35:36;788.6285
31/10/2019 03:36:38;788.6285
31/10/2019 03:37:40;789.4966
31/10/2019 03:38:40;788.6285
31/10/2019 03:39:41;788.6285
31/10/2019 03:40:42;789.4966
31/10/2019 03:42:00;788.6285
31/10/2019 03:43:00;788.6285
31/10/2019 03:44:00;788.6285
31/10/2019 03:45:04;789.4966
31/10/2019 03:46:10;788.1945
31/10/2019 03:47:32;788.1945
31/10/2019 03:47:40;770.8334
31/10/2019 03:48:49;771.2674
31/10/2019 03:49:57;770.3994
31/10/2019 03:50:57;770.3994
31/10/2019 03:51:59;770.8334
31/10/2019 03:53:00;770.8334
31/10/2019 03:54:00;770.8334
31/10/2019 03:55:05;771.2674
31/10/2019 03:56:27;771.2674
31/10/2019 03:57:27;770.8334
31/10/2019 03:58:35;770.3994
31/10/2019 03:59:43;770.3994
31/10/2019 04:00:43;770.3994
31/10/2019 04:01:45;770.3994
31/10/2019 04:02:43;748.6979
31/10/2019 04:03:44;749.132
31/10/2019 04:04:57;749.132
31/10/2019 04:05:57;749.132
31/10/2019 04:07:00;748.6979
31/10/2019 04:08:00;748.6979
31/10/2019 04:09:00;748.6979
31/10/2019 04:10:07;748.2639
31/10/2019 04:11:12;748.2639
31/10/2019 04:12:36;748.2639
31/10/2019 04:13:52;748.2639
31/10/2019 04:14:56;748.2639
31/10/2019 04:15:57;748.2639
31/10/2019 04:16:58;748.6979
31/10/2019 04:17:34;719.184
31/10/2019 04:18:36;720.0521
31/10/2019 04:19:36;720.0521
31/10/2019 04:20:38;720.0521
31/10/2019 04:21:38;719.184
31/10/2019 04:22:40;719.184
31/10/2019 04:23:51;719.184
31/10/2019 04:24:54;719.184
31/10/2019 04:25:54;720.0521
31/10/2019 04:26:56;720.0521
31/10/2019 04:27:59;719.184
31/10/2019 04:29:00;720.0521
31/10/2019 04:30:09;719.184
31/10/2019 04:31:11;719.184
31/10/2019 04:32:13;720.0521
31/10/2019 04:32:29;701.3889
31/10/2019 04:33:29;701.3889
31/10/2019 04:34:47;701.3889
31/10/2019 04:35:50;701.3889
31/10/2019 04:36:53;701.3889
31/10/2019 04:37:53;701.8229
31/10/2019 04:38:54;701.3889
31/10/2019 04:39:55;701.8229
31/10/2019 04:40:55;701.8229
31/10/2019 04:41:59;701.3889
31/10/2019 04:42:59;701.3889
31/10/2019 04:44:00;701.8229
31/10/2019 04:45:00;701.8229
31/10/2019 04:46:05;701.3889
31/10/2019 04:47:11;675.7813
31/10/2019 04:48:19;676.6494
31/10/2019 04:49:20;676.6494
31/10/2019 04:50:30;676.6494
31/10/2019 04:51:31;675.3472
31/10/2019 04:52:46;675.3472
31/10/2019 04:53:49;675.3472
31/10/2019 04:55:00;675.7813
31/10/2019 04:56:00;676.6494
31/10/2019 04:57:17;675.3472
31/10/2019 04:58:19;675.3472
31/10/2019 04:59:21;675.3472
31/10/2019 05:00:42;675.3472
31/10/2019 05:01:43;675.3472
31/10/2019 05:02:02;644.5313
31/10/2019 05:03:29;644.9653
31/10/2019 05:05:00;644.5313
31/10/2019 05:06:10;644.0972
31/10/2019 05:07:12;644.0972
31/10/2019 05:08:16;644.0972
31/10/2019 05:09:21;644.0972
31/10/2019 05:10:23;644.5313
31/10/2019 05:11:24;644.5313
31/10/2019 05:12:27;644.5313
31/10/2019 05:13:29;644.5313
31/10/2019 05:14:31;644.5313
31/10/2019 05:15:33;644.0972
31/10/2019 05:16:34;644.0972
31/10/2019 05:17:34;636.7188
31/10/2019 05:18:36;638.0209
31/10/2019 05:19:44;638.0209
31/10/2019 05:20:46;638.0209
31/10/2019 05:21:49;637.5869
31/10/2019 05:22:50;637.5869
31/10/2019 05:23:50;637.5869
31/10/2019 05:24:51;638.0209
31/10/2019 05:25:52;638.0209
31/10/2019 05:26:52;638.0209
31/10/2019 05:27:55;638.0209
31/10/2019 05:28:55;637.5869
31/10/2019 05:29:58;638.0209
31/10/2019 05:30:59;638.0209
31/10/2019 05:32:00;616.7535
31/10/2019 05:33:00;616.3195
31/10/2019 05:34:00;616.3195
31/10/2019 05:35:12;616.7535
31/10/2019 05:36:16;616.7535
31/10/2019 05:37:26;616.7535
31/10/2019 05:38:28;616.7535
31/10/2019 05:39:28;616.3195
31/10/2019 05:40:30;616.3195
31/10/2019 05:41:31;616.3195
31/10/2019 05:42:31;616.3195
31/10/2019 05:43:32;616.7535
31/10/2019 05:44:41;616.7535
31/10/2019 05:45:52;616.7535
31/10/2019 05:46:52;615.8854
31/10/2019 05:46:54;592.882
31/10/2019 05:48:00;592.882
31/10/2019 05:49:00;592.4479
31/10/2019 05:50:01;592.882
31/10/2019 05:51:03;592.4479
31/10/2019 05:52:09;592.4479
31/10/2019 05:53:10;592.4479
31/10/2019 05:54:10;592.4479
31/10/2019 05:55:12;592.882
31/10/2019 05:56:13;592.882
31/10/2019 05:57:13;592.4479
31/10/2019 05:58:14;592.882
31/10/2019 05:59:14;592.4479
31/10/2019 06:00:16;592.4479
31/10/2019 06:01:18;592.4479
31/10/2019 06:01:30;559.8959
31/10/2019 06:02:36;560.3299
31/10/2019 06:03:44;559.8959
31/10/2019 06:04:46;559.8959
31/10/2019 06:05:48;559.8959
31/10/2019 06:06:50;559.8959
31/10/2019 06:07:51;559.8959
31/10/2019 06:09:00;560.3299
31/10/2019 06:10:00;560.3299
31/10/2019 06:11:00;559.8959
31/10/2019 06:12:02;560.3299
31/10/2019 06:13:03;559.8959
31/10/2019 06:14:05;559.8959
31/10/2019 06:15:05;560.3299
31/10/2019 06:16:06;559.8959
31/10/2019 06:16:25;538.1945
31/10/2019 06:17:26;538.6285
31/10/2019 06:18:27;538.1945
31/10/2019 06:19:27;538.6285
31/10/2019 06:20:28;538.1945
31/10/2019 06:21:31;538.1945
31/10/2019 06:22:33;538.1945
31/10/2019 06:23:33;538.1945
31/10/2019 06:24:34;538.6285
31/10/2019 06:25:38;538.6285
31/10/2019 06:26:39;538.1945
31/10/2019 06:27:41;537.7604
31/10/2019 06:28:52;537.7604
31/10/2019 06:29:53;538.1945
31/10/2019 06:30:55;518.2292
31/10/2019 06:31:57;518.2292
31/10/2019 06:33:00;518.2292
31/10/2019 06:34:00;518.2292
31/10/2019 06:35:00;518.2292
31/10/2019 06:36:00;518.2292
31/10/2019 06:37:00;518.2292
31/10/2019 06:38:01;518.2292
31/10/2019 06:39:02;518.2292
31/10/2019 06:40:08;518.2292
31/10/2019 06:41:08;517.3611
31/10/2019 06:42:08;518.2292
31/10/2019 06:43:14;517.3611
31/10/2019 06:44:15;517.3611
31/10/2019 06:45:23;517.3611
31/10/2019 06:46:28;512.1528
31/10/2019 06:47:30;512.1528
31/10/2019 06:48:32;512.1528
31/10/2019 06:49:34;512.1528
31/10/2019 06:50:36;512.1528
31/10/2019 06:51:40;512.1528
31/10/2019 06:52:47;512.1528
31/10/2019 06:53:49;512.1528
31/10/2019 06:54:50;512.5868
31/10/2019 06:56:00;512.5868
31/10/2019 06:57:00;512.5868
31/10/2019 06:58:00;512.5868
31/10/2019 06:59:00;512.5868
31/10/2019 07:00:00;512.5868
31/10/2019 07:01:13;512.1528
31/10/2019 07:02:30;505.2083
31/10/2019 07:03:47;505.2083
31/10/2019 07:04:52;503.9063
31/10/2019 07:06:00;504.3403
31/10/2019 07:07:01;504.3403
31/10/2019 07:08:03;504.3403
31/10/2019 07:09:03;504.3403
31/10/2019 07:10:04;504.3403
31/10/2019 07:11:05;503.9063
31/10/2019 07:12:10;503.9063
31/10/2019 07:13:22;503.9063
31/10/2019 07:14:28;503.9063
31/10/2019 07:15:36;503.9063
31/10/2019 07:16:36;508.2466
31/10/2019 07:17:38;508.2466
31/10/2019 07:18:41;507.8125
31/10/2019 07:19:43;508.2466
31/10/2019 07:20:52;507.8125
31/10/2019 07:21:53;507.8125
31/10/2019 07:22:55;508.6806
31/10/2019 07:24:00;508.6806
31/10/2019 07:25:00;508.2466
31/10/2019 07:26:00;508.2466
31/10/2019 07:27:00;508.2466
31/10/2019 07:28:02;508.6806
31/10/2019 07:29:04;508.6806
31/10/2019 07:30:06;508.6806
31/10/2019 07:31:06;508.6806
31/10/2019 07:31:11;521.2674
31/10/2019 07:32:12;521.2674
31/10/2019 07:33:16;520.8334
31/10/2019 07:34:32;520.8334
31/10/2019 07:35:33;521.2674
31/10/2019 07:36:45;520.8334
31/10/2019 07:38:00;521.2674
31/10/2019 07:39:00;521.2674
31/10/2019 07:40:13;520.8334
31/10/2019 07:41:30;520.8334
31/10/2019 07:42:44;521.7014
31/10/2019 07:43:44;521.2674
31/10/2019 07:44:46;521.7014
31/10/2019 07:45:49;521.7014
31/10/2019 07:46:25;539.0625
31/10/2019 07:47:27;539.0625
31/10/2019 07:49:00;539.0625
31/10/2019 07:50:00;539.0625
31/10/2019 07:51:00;538.6285
31/10/2019 07:52:00;539.0625
31/10/2019 07:53:00;539.0625
31/10/2019 07:54:00;539.0625
31/10/2019 07:55:02;539.9305
31/10/2019 07:56:03;539.0625
31/10/2019 07:57:03;539.9305
31/10/2019 07:58:15;539.9305
31/10/2019 07:59:16;539.9305
31/10/2019 08:00:18;540.3646
31/10/2019 08:01:19;549.4792
31/10/2019 08:02:27;549.0452
31/10/2019 08:03:30;549.9132
31/10/2019 08:04:32;549.9132
31/10/2019 08:05:33;549.4792
31/10/2019 08:06:34;549.9132
31/10/2019 08:07:35;549.9132
31/10/2019 08:08:44;549.4792
31/10/2019 08:09:46;549.4792
31/10/2019 08:10:51;549.4792
31/10/2019 08:11:51;549.4792
31/10/2019 08:12:52;549.9132
31/10/2019 08:13:52;549.9132
31/10/2019 08:15:00;549.9132
31/10/2019 08:16:00;549.9132
31/10/2019 08:16:24;562.066
31/10/2019 08:17:39;561.632
31/10/2019 08:18:40;561.632
31/10/2019 08:19:45;561.632
31/10/2019 08:20:56;561.632
31/10/2019 08:21:59;561.632
31/10/2019 08:23:00;562.5
31/10/2019 08:24:00;562.066
31/10/2019 08:25:00;562.066
31/10/2019 08:26:02;562.5
31/10/2019 08:27:24;562.5
31/10/2019 08:28:25;562.066
31/10/2019 08:29:25;561.632
31/10/2019 08:30:26;561.632
31/10/2019 08:31:27;584.2014
31/10/2019 08:32:27;584.2014
31/10/2019 08:33:28;583.7674
31/10/2019 08:34:29;583.7674
31/10/2019 08:35:30;582.4653
31/10/2019 08:36:32;583.7674
31/10/2019 08:37:32;583.7674
31/10/2019 08:38:43;583.7674
31/10/2019 08:39:44;584.2014
31/10/2019 08:40:46;583.7674
31/10/2019 08:41:49;584.6354
31/10/2019 08:43:00;584.2014
31/10/2019 08:44:00;584.2014
31/10/2019 08:45:00;584.2014
31/10/2019 08:46:00;584.2014
31/10/2019 08:46:18;610.6771
31/10/2019 08:47:18;610.6771
31/10/2019 08:48:25;611.5452
31/10/2019 08:49:25;610.6771
31/10/2019 08:50:34;610.6771
31/10/2019 08:51:39;610.6771
31/10/2019 08:52:42;611.5452
31/10/2019 08:53:44;610.6771
31/10/2019 08:54:46;610.6771
31/10/2019 08:55:57;610.6771
31/10/2019 08:57:00;610.6771
31/10/2019 08:58:00;610.6771
31/10/2019 08:59:00;610.6771
31/10/2019 09:00:00;610.6771
31/10/2019 09:01:05;611.5452
31/10/2019 09:01:47;649.3056
31/10/2019 09:03:00;650.6077
31/10/2019 09:04:00;649.7396
31/10/2019 09:05:00;649.7396
31/10/2019 09:06:00;649.7396
31/10/2019 09:07:00;650.6077
31/10/2019 09:08:00;649.7396
31/10/2019 09:09:35;649.3056
31/10/2019 09:11:00;649.7396
31/10/2019 09:12:00;651.0417
31/10/2019 09:13:07;649.3056
31/10/2019 09:14:08;648.8715
31/10/2019 09:15:10;649.7396
31/10/2019 09:16:12;649.3056
31/10/2019 09:17:03;683.1597
31/10/2019 09:18:03;683.5938
31/10/2019 09:19:05;683.1597
31/10/2019 09:20:05;681.8577
31/10/2019 09:21:06;683.5938
31/10/2019 09:22:18;683.5938
31/10/2019 09:23:18;683.1597
31/10/2019 09:24:41;683.5938
31/10/2019 09:25:42;683.5938
31/10/2019 09:26:44;684.0278
31/10/2019 09:28:00;683.5938
31/10/2019 09:29:09;684.0278
31/10/2019 09:30:13;683.1597
31/10/2019 09:31:13;683.5938
31/10/2019 09:32:40;683.1597
31/10/2019 09:33:52;683.1597
31/10/2019 09:34:55;684.0278
31/10/2019 09:35:30;706.1632
31/10/2019 09:36:47;707.0313
31/10/2019 09:37:53;707.0313
31/10/2019 09:38:54;706.1632
31/10/2019 09:39:55;706.1632
31/10/2019 09:40:59;707.0313
31/10/2019 09:42:00;706.1632
31/10/2019 09:43:00;707.0313
31/10/2019 09:44:00;706.1632
31/10/2019 09:45:01;706.1632
31/10/2019 09:46:24;706.1632
31/10/2019 09:47:21;737.8472
31/10/2019 09:48:29;737.4132
31/10/2019 09:49:29;737.8472
31/10/2019 09:50:30;737.8472
31/10/2019 09:51:31;737.4132
31/10/2019 09:52:35;737.8472
31/10/2019 09:53:36;737.8472
31/10/2019 09:54:36;737.4132
31/10/2019 09:55:37;737.4132
31/10/2019 09:56:39;737.4132
31/10/2019 09:58:00;737.8472
31/10/2019 09:59:37;737.4132
31/10/2019 10:00:37;737.8472
31/10/2019 10:01:37;738.2813
31/10/2019 10:02:51;759.5486
31/10/2019 10:03:53;759.1146
31/10/2019 10:04:53;759.5486
31/10/2019 10:05:54;759.5486
31/10/2019 10:06:55;759.9827
31/10/2019 10:07:58;759.9827
31/10/2019 10:09:00;759.5486
31/10/2019 10:10:00;759.5486
31/10/2019 10:11:17;759.5486
31/10/2019 10:12:22;760.4167
31/10/2019 10:13:37;760.4167
31/10/2019 10:14:39;759.5486
31/10/2019 10:15:40;759.9827
31/10/2019 10:16:43;759.9827
31/10/2019 10:17:45;759.5486
31/10/2019 10:17:55;798.1771
31/10/2019 10:19:00;798.1771
31/10/2019 10:20:01;798.6111
31/10/2019 10:21:01;798.1771
31/10/2019 10:22:02;798.1771
31/10/2019 10:23:04;798.1771
31/10/2019 10:24:38;798.6111
31/10/2019 10:25:38;798.6111
31/10/2019 10:26:38;798.1771
31/10/2019 10:27:46;798.6111
31/10/2019 10:29:00;798.1771
31/10/2019 10:30:00;797.3091
31/10/2019 10:31:00;797.3091
31/10/2019 10:32:00;798.1771
31/10/2019 10:32:44;830.7292
31/10/2019 10:33:45;829.8611
31/10/2019 10:34:56;829.8611
31/10/2019 10:36:00;829.8611
31/10/2019 10:37:00;830.7292
31/10/2019 10:38:00;830.7292
31/10/2019 10:39:00;830.7292
31/10/2019 10:40:06;831.1632
31/10/2019 10:41:07;829.8611
31/10/2019 10:42:07;830.7292
31/10/2019 10:43:07;830.7292
31/10/2019 10:44:11;831.1632
31/10/2019 10:45:12;831.1632
31/10/2019 10:46:15;830.7292
31/10/2019 10:47:17;830.7292
31/10/2019 10:47:44;863.7153
31/10/2019 10:48:48;863.7153
31/10/2019 10:49:51;863.7153
31/10/2019 10:50:51;864.1494
31/10/2019 10:51:53;863.7153
31/10/2019 10:52:53;863.7153
31/10/2019 10:53:53;864.1494
31/10/2019 10:55:00;864.1494
31/10/2019 10:56:00;864.1494
31/10/2019 10:57:00;864.1494
31/10/2019 10:58:18;864.5834
31/10/2019 10:59:41;864.5834
